Workbook

Sheet Quantitativa
A1: Variáveis Quantitativas
A2: Nome do Departamento solicitante | B2: Responsável pelo preenchimento | C2: E-mail | D2: Caga Horária Didática em Ensino de Graduação dedicada por cada Docente em Disciplinas da Graduação (CHDEG) | E2: Caga Horária Didática dedicada por cada Docente em Disciplina de Pós-graduação (Stricto ou Lato Sensu) da UFRRJ (CHDPG) | F2: Caga Horária Didática dedicada por cada Docente em Atividades Acadêmicas (AAs), na Graduação em Programas de Residência (CHDAA) | G2: Carga Horária Média dedicada pelos Docentes do Departamento (CHMD) | H2: Carga Horária dedicada a Atividades de Extensão (CHDAE) | I2: Data da Entrada | J2: PDF: Formulário de Variáveis Quantitativas - UFRRJ
A3: Departamento Genérico 01 | B3: Responsável Genérico 01 | C3: responsavel@example.com | D3: 243.75 | E3: 15 | F3: 135.4 | G3: 1633.1 | H3: 26.3 | I3: 46001.765 | J3: https://inscricoes.ufrrj.br/formulario-de-variaveis-quantitativas/departamento-XX.pdf
A4: Departamento Genérico 02 | B4: Responsável Genérico 02 | C4: responsavel@example.com | D4: 3570 | E4: 345 | F4: 960 | G4: 406.25 | H4: 664 | I4: 45981.695 | J4: https://inscricoes.ufrrj.br/formulario-de-variaveis-quantitativas/departamento-XX.pdf
A5: Departamento Genérico 03 | B5: Responsável Genérico 03 | C5: responsavel@example.com | D5: 4982 | E5: 73 | F5: 244 | G5: 174 | H5: 305 | I5: 46000.566 | J5: https://inscricoes.ufrrj.br/formulario-de-variaveis-quantitativas/departamento-XX.pdf
A6: Departamento Genérico 04 | B6: Responsável Genérico 04 | C6: responsavel@example.com | D6: 4455 | E6: 0 | F6: 1638 | G6: 135.5 | H6: 191 | I6: 45998.795 | J6: https://inscricoes.ufrrj.br/formulario-de-variaveis-quantitativas/departamento-XX.pdf
A7: Departamento Genérico 05 | B7: Responsável Genérico 05 | C7: responsavel@example.com | D7: 2295 | E7: 434 | F7: 250 | G7: 271 | H7: 892 | I7: 46000.709 | J7: https://inscricoes.ufrrj.br/formulario-de-variaveis-quantitativas/departamento-XX.pdf
A8: Departamento Genérico 06 | B8: Responsável Genérico 06 | C8: responsavel@example.com | D8: 4111 | E8: 385 | F8: 30 | G8: 389.86 | H8: 932 | I8: 45993.572 | J8: https://inscricoes.ufrrj.br/formulario-de-variaveis-quantitativas/departamento-XX.pdf
A9: Departamento Genérico 07 | B9: Responsável Genérico 07 | C9: responsavel@example.com | D9: 5880 | E9: 363 | F9: 127 | G9: 288 | H9: 166 | I9: 46001.686 | J9: https://inscricoes.ufrrj.br/formulario-de-variaveis-quantitativas/departamento-XX.pdf
A10: Departamento Genérico 08 | B10: Responsável Genérico 08 | C10: responsavel@example.com | D10: 3722 | E10: 1089 | F10: 210 | G10: 281 | H10: 1766 | I10: 45995.488 | J10: https://inscricoes.ufrrj.br/formulario-de-variaveis-quantitativas/departamento-XX.pdf
A11: Departamento Genérico 09 | B11: Responsável Genérico 09 | C11: responsavel@example.com | D11: 4830 | E11: 60 | F11: 2225 | G11: 338.81 | H11: 886 | I11: 46000.467 | J11: https://inscricoes.ufrrj.br/formulario-de-variaveis-quantitativas/departamento-XX.pdf
A12: Departamento Genérico 10 | B12: Responsável Genérico 10 | C12: responsavel@example.com | D12: 2880 | E12: 435 | F12: 120 | G12: 286.25 | H12: 1076 | I12: 45999.742 | J12: https://inscricoes.ufrrj.br/formulario-de-variaveis-quantitativas/departamento-XX.pdf
A13: Departamento Genérico 11 | B13: Responsável Genérico 11 | C13: responsavel@example.com | D13: 14.13 | E13: 1 | F13: 35 | G13: 70.91 | H13: 24.2 | I13: 45987.374 | J13: https://inscricoes.ufrrj.br/formulario-de-variaveis-quantitativas/departamento-XX.pdf
A14: Departamento Genérico 12 | B14: Responsável Genérico 12 | C14: responsavel@example.com | D14: 3300 | E14: 584.5 | F14: 690 | G14: 160.71 | H14: 407.5 | I14: 46000.597 | J14: https://inscricoes.ufrrj.br/formulario-de-variaveis-quantitativas/departamento-XX.pdf
... A35: Departamento Genérico 33 | B35: Responsável Genérico 33 | C35: responsavel@example.com | D35: 3000 | E35: 716 | F35: 60 | G35: 315 | H35: 223 | I35: 45996.508 | J35: https://inscricoes.ufrrj.br/formulario-de-variaveis-quantitativas/departamento-XX.pdf

Sheet Qualitativa
A1: Avaliação Qualitativa dos Projetos
A2: Nome do Departamento solicitante | B2: Nota Média - Critério 1 | C2: Nota Média - Critério 2 | D2: Nota Média - Critério 3 | E2: Nota Média - Critério 4 | F2: Nota Média - Critério 5
A3: Departamento Genérico 01 | B3: =IFERROR(AVERAGE(Avaliadores!B3:D3),0) -> 1 | C3: =IFERROR(AVERAGE(Avaliadores!E3:G3),0) -> 2 | D3: =IFERROR(AVERAGE(Avaliadores!H3:J3),0) -> 3 | E3: =IFERROR(AVERAGE(Avaliadores!K3:M3),0) -> 4 | F3: =IFERROR(AVERAGE(Avaliadores!N3:P3),0) -> 5
A4: Departamento Genérico 02 | B4: =IFERROR(AVERAGE(Avaliadores!B4:D4),0) -> 1 | C4: =IFERROR(AVERAGE(Avaliadores!E4:G4),0) -> 2 | D4: =IFERROR(AVERAGE(Avaliadores!H4:J4),0) -> 3 | E4: =IFERROR(AVERAGE(Avaliadores!K4:M4),0) -> 4 | F4: =IFERROR(AVERAGE(Avaliadores!N4:P4),0) -> 5
A5: Departamento Genérico 03 | B5: =IFERROR(AVERAGE(Avaliadores!B5:D5),0) -> 1 | C5: =IFERROR(AVERAGE(Avaliadores!E5:G5),0) -> 2 | D5: =IFERROR(AVERAGE(Avaliadores!H5:J5),0) -> 3 | E5: =IFERROR(AVERAGE(Avaliadores!K5:M5),0) -> 4 | F5: =IFERROR(AVERAGE(Avaliadores!N5:P5),0) -> 5
A6: Departamento Genérico 04 | B6: =IFERROR(AVERAGE(Avaliadores!B6:D6),0) -> 1 | C6: =IFERROR(AVERAGE(Avaliadores!E6:G6),0) -> 2 | D6: =IFERROR(AVERAGE(Avaliadores!H6:J6),0) -> 3 | E6: =IFERROR(AVERAGE(Avaliadores!K6:M6),0) -> 4 | F6: =IFERROR(AVERAGE(Avaliadores!N6:P6),0) -> 5
A7: Departamento Genérico 05 | B7: =IFERROR(AVERAGE(Avaliadores!B7:D7),0) -> 1 | C7: =IFERROR(AVERAGE(Avaliadores!E7:G7),0) -> 2 | D7: =IFERROR(AVERAGE(Avaliadores!H7:J7),0) -> 3 | E7: =IFERROR(AVERAGE(Avaliadores!K7:M7),0) -> 4 | F7: =IFERROR(AVERAGE(Avaliadores!N7:P7),0) -> 5
A8: Departamento Genérico 06 | B8: =IFERROR(AVERAGE(Avaliadores!B8:D8),0) -> 1 | C8: =IFERROR(AVERAGE(Avaliadores!E8:G8),0) -> 2 | D8: =IFERROR(AVERAGE(Avaliadores!H8:J8),0) -> 3 | E8: =IFERROR(AVERAGE(Avaliadores!K8:M8),0) -> 4 | F8: =IFERROR(AVERAGE(Avaliadores!N8:P8),0) -> 5
A9: Departamento Genérico 07 | B9: =IFERROR(AVERAGE(Avaliadores!B9:D9),0) -> 1 | C9: =IFERROR(AVERAGE(Avaliadores!E9:G9),0) -> 2 | D9: =IFERROR(AVERAGE(Avaliadores!H9:J9),0) -> 3 | E9: =IFERROR(AVERAGE(Avaliadores!K9:M9),0) -> 4 | F9: =IFERROR(AVERAGE(Avaliadores!N9:P9),0) -> 5
A10: Departamento Genérico 08 | B10: =IFERROR(AVERAGE(Avaliadores!B10:D10),0) -> 1 | C10: =IFERROR(AVERAGE(Avaliadores!E10:G10),0) -> 2 | D10: =IFERROR(AVERAGE(Avaliadores!H10:J10),0) -> 3 | E10: =IFERROR(AVERAGE(Avaliadores!K10:M10),0) -> 4 | F10: =IFERROR(AVERAGE(Avaliadores!N10:P10),0) -> 5
A11: Departamento Genérico 09 | B11: =IFERROR(AVERAGE(Avaliadores!B11:D11),0) -> 1 | C11: =IFERROR(AVERAGE(Avaliadores!E11:G11),0) -> 2 | D11: =IFERROR(AVERAGE(Avaliadores!H11:J11),0) -> 3 | E11: =IFERROR(AVERAGE(Avaliadores!K11:M11),0) -> 4 | F11: =IFERROR(AVERAGE(Avaliadores!N11:P11),0) -> 5
A12: Departamento Genérico 10 | B12: =IFERROR(AVERAGE(Avaliadores!B12:D12),0) -> 1 | C12: =IFERROR(AVERAGE(Avaliadores!E12:G12),0) -> 2 | D12: =IFERROR(AVERAGE(Avaliadores!H12:J12),0) -> 3 | E12: =IFERROR(AVERAGE(Avaliadores!K12:M12),0) -> 4 | F12: =IFERROR(AVERAGE(Avaliadores!N12:P12),0) -> 5
A13: Departamento Genérico 11 | B13: =IFERROR(AVERAGE(Avaliadores!B13:D13),0) -> 1 | C13: =IFERROR(AVERAGE(Avaliadores!E13:G13),0) -> 2 | D13: =IFERROR(AVERAGE(Avaliadores!H13:J13),0) -> 3 | E13: =IFERROR(AVERAGE(Avaliadores!K13:M13),0) -> 4 | F13: =IFERROR(AVERAGE(Avaliadores!N13:P13),0) -> 5
A14: Departamento Genérico 12 | B14: =IFERROR(AVERAGE(Avaliadores!B14:D14),0) -> 1 | C14: =IFERROR(AVERAGE(Avaliadores!E14:G14),0) -> 2 | D14: =IFERROR(AVERAGE(Avaliadores!H14:J14),0) -> 3 | E14: =IFERROR(AVERAGE(Avaliadores!K14:M14),0) -> 4 | F14: =IFERROR(AVERAGE(Avaliadores!N14:P14),0) -> 5
... A35: Departamento Genérico 33 | B35: =IFERROR(AVERAGE(Avaliadores!B35:D35),0) -> 1 | C35: =IFERROR(AVERAGE(Avaliadores!E35:G35),0) -> 2 | D35: =IFERROR(AVERAGE(Avaliadores!H35:J35),0) -> 3 | E35: =IFERROR(AVERAGE(Avaliadores!K35:M35),0) -> 4 | F35: =IFERROR(AVERAGE(Avaliadores!N35:P35),0) -> 5

Sheet Avaliadores
A1: Nome do Departamento solicitante | B1: Nota Média - Critério 1 | E1: Nota Média - Critério 2 | H1: Nota Média - Critério 3 | K1: Nota Média - Critério 4 | N1: Nota Média - Critério 5
B2: Avaliador 1 | C2: Avaliador 2 | D2: Avaliador 3 | E2: Avaliador 1 | F2: Avaliador 2 | G2: Avaliador 3 | H2: Avaliador 1 | I2: Avaliador 2 | J2: Avaliador 3 | K2: Avaliador 1 | L2: Avaliador 2 | M2: Avaliador 3 | N2: Avaliador 1 | O2: Avaliador 2 | P2: Avaliador 3
A3: Departamento Genérico 01 | B3: 1 | C3: 1 | D3: 1 | E3: 2 | F3: 2 | G3: 2 | H3: 3 | I3: 3 | J3: 3 | K3: 4 | L3: 4 | M3: 4 | N3: 5 | O3: 5 | P3: 5
A4: Departamento Genérico 02 | B4: 1 | C4: 1 | D4: 1 | E4: 2 | F4: 2 | G4: 2 | H4: 3 | I4: 3 | J4: 3 | K4: 4 | L4: 4 | M4: 4 | N4: 5 | O4: 5 | P4: 5
A5: Departamento Genérico 03 | B5: 1 | C5: 1 | D5: 1 | E5: 2 | F5: 2 | G5: 2 | H5: 3 | I5: 3 | J5: 3 | K5: 4 | L5: 4 | M5: 4 | N5: 5 | O5: 5 | P5: 5
A6: Departamento Genérico 04 | B6: 1 | C6: 1 | D6: 1 | E6: 2 | F6: 2 | G6: 2 | H6: 3 | I6: 3 | J6: 3 | K6: 4 | L6: 4 | M6: 4 | N6: 5 | O6: 5 | P6: 5
A7: Departamento Genérico 05 | B7: 1 | C7: 1 | D7: 1 | E7: 2 | F7: 2 | G7: 2 | H7: 3 | I7: 3 | J7: 3 | K7: 4 | L7: 4 | M7: 4 | N7: 5 | O7: 5 | P7: 5
A8: Departamento Genérico 06 | B8: 1 | C8: 1 | D8: 1 | E8: 2 | F8: 2 | G8: 2 | H8: 3 | I8: 3 | J8: 3 | K8: 4 | L8: 4 | M8: 4 | N8: 5 | O8: 5 | P8: 5
A9: Departamento Genérico 07 | B9: 1 | C9: 1 | D9: 1 | E9: 2 | F9: 2 | G9: 2 | H9: 3 | I9: 3 | J9: 3 | K9: 4 | L9: 4 | M9: 4 | N9: 5 | O9: 5 | P9: 5
A10: Departamento Genérico 08 | B10: 1 | C10: 1 | D10: 1 | E10: 2 | F10: 2 | G10: 2 | H10: 3 | I10: 3 | J10: 3 | K10: 4 | L10: 4 | M10: 4 | N10: 5 | O10: 5 | P10: 5
A11: Departamento Genérico 09 | B11: 1 | C11: 1 | D11: 1 | E11: 2 | F11: 2 | G11: 2 | H11: 3 | I11: 3 | J11: 3 | K11: 4 | L11: 4 | M11: 4 | N11: 5 | O11: 5 | P11: 5
A12: Departamento Genérico 10 | B12: 1 | C12: 1 | D12: 1 | E12: 2 | F12: 2 | G12: 2 | H12: 3 | I12: 3 | J12: 3 | K12: 4 | L12: 4 | M12: 4 | N12: 5 | O12: 5 | P12: 5
A13: Departamento Genérico 11 | B13: 1 | C13: 1 | D13: 1 | E13: 2 | F13: 2 | G13: 2 | H13: 3 | I13: 3 | J13: 3 | K13: 4 | L13: 4 | M13: 4 | N13: 5 | O13: 5 | P13: 5
A14: Departamento Genérico 12 | B14: 1 | C14: 1 | D14: 1 | E14: 2 | F14: 2 | G14: 2 | H14: 3 | I14: 3 | J14: 3 | K14: 4 | L14: 4 | M14: 4 | N14: 5 | O14: 5 | P14: 5
... A35: Departamento Genérico 33 | B35: 1 | C35: 1 | D35: 1 | E35: 2 | F35: 2 | G35: 2 | H35: 3 | I35: 3 | J35: 3 | K35: 4 | L35: 4 | M35: 4 | N35: 5 | O35: 5 | P35: 5

Sheet Resumo
A1: Resumo
A2: Nome do Departamento solicitante | B2: Deferido | C2: W | D2: FI | E2: Si | F2: QI | G2: FI Total | H2: Classificação
A3: Departamento Genérico 01 | B3: TRUE | C3: =0.25*Quantitativa!D3+0.15*Quantitativa!E3+0.1*Quantitativa!F3+0.25*Quantitativa!G3+0.25*Quantitativa!H3 -> 491.5775 | D3: =C3/MAX($C$3:$C$35) -> 0.11998145 | E3: =(Qualitativa!B3+Qualitativa!C3+Qualitativa!D3+Qualitativa!E3+Qualitativa!F3)/5 -> 3 | F3: =E3/5 -> 0.6 | G3: =110*(0.5*D3+0.5*F3) -> 39.59898 | H3: {=IF($B3=TRUE,1+SUMPRODUCT(($B$3:$B$35=TRUE)*($G$3:$G$35>$G3)),"Indeferido")} -> 25
A4: Departamento Genérico 02 | B4: TRUE | C4: =0.25*Quantitativa!D4+0.15*Quantitativa!E4+0.1*Quantitativa!F4+0.25*Quantitativa!G4+0.25*Quantitativa!H4 -> 1307.8125 | D4: =C4/MAX($C$3:$C$35) -> 0.31920346 | E4: =(Qualitativa!B4+Qualitativa!C4+Qualitativa!D4+Qualitativa!E4+Qualitativa!F4)/5 -> 3 | F4: =E4/5 -> 0.6 | G4: =110*(0.5*D4+0.5*F4) -> 50.55619 | H4: {=IF($B4=TRUE,1+SUMPRODUCT(($B$3:$B$35=TRUE)*($G$3:$G$35>$G4)),"Indeferido")} -> 15
A5: Departamento Genérico 03 | B5: TRUE | C5: =0.25*Quantitativa!D5+0.15*Quantitativa!E5+0.1*Quantitativa!F5+0.25*Quantitativa!G5+0.25*Quantitativa!H5 -> 1400.6 | D5: =C5/MAX($C$3:$C$35) -> 0.34185051 | E5: =(Qualitativa!B5+Qualitativa!C5+Qualitativa!D5+Qualitativa!E5+Qualitativa!F5)/5 -> 3 | F5: =E5/5 -> 0.6 | G5: =110*(0.5*D5+0.5*F5) -> 51.801778 | H5: {=IF($B5=TRUE,1+SUMPRODUCT(($B$3:$B$35=TRUE)*($G$3:$G$35>$G5)),"Indeferido")} -> 13
A6: Departamento Genérico 04 | B6: TRUE | C6: =0.25*Quantitativa!D6+0.15*Quantitativa!E6+0.1*Quantitativa!F6+0.25*Quantitativa!G6+0.25*Quantitativa!H6 -> 1359.175 | D6: =C6/MAX($C$3:$C$35) -> 0.33173973 | E6: =(Qualitativa!B6+Qualitativa!C6+Qualitativa!D6+Qualitativa!E6+Qualitativa!F6)/5 -> 3 | F6: =E6/5 -> 0.6 | G6: =110*(0.5*D6+0.5*F6) -> 51.245685 | H6: {=IF($B6=TRUE,1+SUMPRODUCT(($B$3:$B$35=TRUE)*($G$3:$G$35>$G6)),"Indeferido")} -> 14
A7: Departamento Genérico 05 | B7: TRUE | C7: =0.25*Quantitativa!D7+0.15*Quantitativa!E7+0.1*Quantitativa!F7+0.25*Quantitativa!G7+0.25*Quantitativa!H7 -> 954.6 | D7: =C7/MAX($C$3:$C$35) -> 0.23299336 | E7: =(Qualitativa!B7+Qualitativa!C7+Qualitativa!D7+Qualitativa!E7+Qualitativa!F7)/5 -> 3 | F7: =E7/5 -> 0.6 | G7: =110*(0.5*D7+0.5*F7) -> 45.814635 | H7: {=IF($B7=TRUE,1+SUMPRODUCT(($B$3:$B$35=TRUE)*($G$3:$G$35>$G7)),"Indeferido")} -> 21
A8: Departamento Genérico 06 | B8: TRUE | C8: =0.25*Quantitativa!D8+0.15*Quantitativa!E8+0.1*Quantitativa!F8+0.25*Quantitativa!G8+0.25*Quantitativa!H8 -> 1418.965 | D8: =C8/MAX($C$3:$C$35) -> 0.34633294 | E8: =(Qualitativa!B8+Qualitativa!C8+Qualitativa!D8+Qualitativa!E8+Qualitativa!F8)/5 -> 3 | F8: =E8/5 -> 0.6 | G8: =110*(0.5*D8+0.5*F8) -> 52.048311 | H8: {=IF($B8=TRUE,1+SUMPRODUCT(($B$3:$B$35=TRUE)*($G$3:$G$35>$G8)),"Indeferido")} -> 12
A9: Departamento Genérico 07 | B9: TRUE | C9: =0.25*Quantitativa!D9+0.15*Quantitativa!E9+0.1*Quantitativa!F9+0.25*Quantitativa!G9+0.25*Quantitativa!H9 -> 1650.65 | D9: =C9/MAX($C$3:$C$35) -> 0.4028813 | E9: =(Qualitativa!B9+Qualitativa!C9+Qualitativa!D9+Qualitativa!E9+Qualitativa!F9)/5 -> 3 | F9: =E9/5 -> 0.6 | G9: =110*(0.5*D9+0.5*F9) -> 55.158471 | H9: {=IF($B9=TRUE,1+SUMPRODUCT(($B$3:$B$35=TRUE)*($G$3:$G$35>$G9)),"Indeferido")} -> 10
A10: Departamento Genérico 08 | B10: FALSE | C10: =0.25*Quantitativa!D10+0.15*Quantitativa!E10+0.1*Quantitativa!F10+0.25*Quantitativa!G10+0.25*Quantitativa!H10 -> 1626.6 | D10: =C10/MAX($C$3:$C$35) -> 0.39701131 | E10: =(Qualitativa!B10+Qualitativa!C10+Qualitativa!D10+Qualitativa!E10+Qualitativa!F10)/5 -> 3 | F10: =E10/5 -> 0.6 | G10: =110*(0.5*D10+0.5*F10) -> 54.835622 | H10: {=IF($B10=TRUE,1+SUMPRODUCT(($B$3:$B$35=TRUE)*($G$3:$G$35>$G10)),"Indeferido")} -> Indeferido
A11: Departamento Genérico 09 | B11: TRUE | C11: =0.25*Quantitativa!D11+0.15*Quantitativa!E11+0.1*Quantitativa!F11+0.25*Quantitativa!G11+0.25*Quantitativa!H11 -> 1745.2025 | D11: =C11/MAX($C$3:$C$35) -> 0.42595914 | E11: =(Qualitativa!B11+Qualitativa!C11+Qualitativa!D11+Qualitativa!E11+Qualitativa!F11)/5 -> 3 | F11: =E11/5 -> 0.6 | G11: =110*(0.5*D11+0.5*F11) -> 56.427752 | H11: {=IF($B11=TRUE,1+SUMPRODUCT(($B$3:$B$35=TRUE)*($G$3:$G$35>$G11)),"Indeferido")} -> 9
A12: Departamento Genérico 10 | B12: TRUE | C12: =0.25*Quantitativa!D12+0.15*Quantitativa!E12+0.1*Quantitativa!F12+0.25*Quantitativa!G12+0.25*Quantitativa!H12 -> 1137.8125 | D12: =C12/MAX($C$3:$C$35) -> 0.27771083 | E12: =(Qualitativa!B12+Qualitativa!C12+Qualitativa!D12+Qualitativa!E12+Qualitativa!F12)/5 -> 3 | F12: =E12/5 -> 0.6 | G12: =110*(0.5*D12+0.5*F12) -> 48.274095 | H12: {=IF($B12=TRUE,1+SUMPRODUCT(($B$3:$B$35=TRUE)*($G$3:$G$35>$G12)),"Indeferido")} -> 16
A13: Departamento Genérico 11 | B13: TRUE | C13: =0.25*Quantitativa!D13+0.15*Quantitativa!E13+0.1*Quantitativa!F13+0.25*Quantitativa!G13+0.25*Quantitativa!H13 -> 30.96 | D13: =C13/MAX($C$3:$C$35) -> 0.0075565413 | E13: =(Qualitativa!B13+Qualitativa!C13+Qualitativa!D13+Qualitativa!E13+Qualitativa!F13)/5 -> 3 | F13: =E13/5 -> 0.6 | G13: =110*(0.5*D13+0.5*F13) -> 33.41561 | H13: {=IF($B13=TRUE,1+SUMPRODUCT(($B$3:$B$35=TRUE)*($G$3:$G$35>$G13)),"Indeferido")} -> 29
A14: Departamento Genérico 12 | B14: TRUE | C14: =0.25*Quantitativa!D14+0.15*Quantitativa!E14+0.1*Quantitativa!F14+0.25*Quantitativa!G14+0.25*Quantitativa!H14 -> 1123.7275 | D14: =C14/MAX($C$3:$C$35) -> 0.27427304 | E14: =(Qualitativa!B14+Qualitativa!C14+Qualitativa!D14+Qualitativa!E14+Qualitativa!F14)/5 -> 3 | F14: =E14/5 -> 0.6 | G14: =110*(0.5*D14+0.5*F14) -> 48.085017 | H14: {=IF($B14=TRUE,1+SUMPRODUCT(($B$3:$B$35=TRUE)*($G$3:$G$35>$G14)),"Indeferido")} -> 18
... A35: Departamento Genérico 33 | B35: TRUE | C35: =0.25*Quantitativa!D35+0.15*Quantitativa!E35+0.1*Quantitativa!F35+0.25*Quantitativa!G35+0.25*Quantitativa!H35 -> 997.9 | D35: =C35/MAX($C$3:$C$35) -> 0.24356178 | E35: =(Qualitativa!B35+Qualitativa!C35+Qualitativa!D35+Qualitativa!E35+Qualitativa!F35)/5 -> 3 | F35: =E35/5 -> 0.6 | G35: =110*(0.5*D35+0.5*F35) -> 46.395898 | H35: {=IF($B35=TRUE,1+SUMPRODUCT(($B$3:$B$35=TRUE)*($G$3:$G$35>$G35)),"Indeferido")} -> 20
